frame,return_mean,return_std,max_episode_length
5000,118.45309295654297,nan,15
10000,153.8497741699219,nan,22
