step,reward,step_count,lr
1000,0.8110000491142273,16,0.00029265847744427303
2000,0.8950000405311584,32,0.0002713525491562421
3000,0.9340000152587891,47,0.00023816778784387096
4000,0.9580000638961792,47,0.0001963525491562421
5000,0.9640000462532043,57,0.00015
6000,0.9770000576972961,88,0.0001036474508437579
7000,0.9770000576972961,93,6.183221215612905e-05
8000,0.9820000529289246,109,2.86474508437579e-05
9000,0.9890000224113464,144,7.341522555726971e-06
10000,0.9880000352859497,147,0.0
