return_mean,return_std,return_min,return_max,return_sum,max_episode_length,num_episodes,step
0.181805819272995,0.03244167938828468,0.13497862219810486,0.2121240496635437,0.9090291261672974,1000,5,20000
0.25795990228652954,0.011666867882013321,0.24133430421352386,0.26994967460632324,1.2897995710372925,1000,5,40000
0.3125663995742798,0.05030185729265213,0.23426660895347595,0.36467838287353516,1.562831997871399,1000,5,60000
0.4730684161186218,0.04420020431280136,0.4258248209953308,0.5427226424217224,2.365342140197754,1000,5,80000
