step,reward,step_count,lr
1000,1.0,57,0.00029265847744427303
2000,1.0,68,0.0002713525491562421
3000,1.0,119,0.00023816778784387096
4000,1.0,164,0.0001963525491562421
5000,1.0,137,0.00015
6000,0.999000072479248,224,0.0001036474508437579
7000,1.0,228,6.183221215612905e-05
8000,1.0,292,2.86474508437579e-05
9000,1.0,213,7.341522555726971e-06
10000,1.0,435,0.0
