return_mean,return_sum,max_episode_lengh,num_episodes,step
153.98037719726562,769.9018859863281,18,5,5000
202.35574035644532,1011.7787017822266,26,5,10000
