step,reward,step_count,lr
1000,1.0,57,0.00029265847744427303
2000,1.0,68,0.0002713525491562421
3000,1.0,119,0.00023816778784387096
4000,1.0,164,0.0001963525491562421
