frame,return_mean,return_std,max_episode_length
5000,154.0257125854492,nan,21
10000,142.63133850097657,nan,16
