return_mean,return_sum,max_episode_length,num_episodes,step
-1036.5423461914063,-5182.711730957031,199,5,5000
-1261.0906005859374,-6305.4530029296875,199,5,5000
-1283.0663696289062,-6415.331848144531,199,5,10000
77.6,388.0,82,5,5000
182.4,912.0,186,5,10000
