return_mean,return_std,return_min,return_max,return_sum,max_episode_length,num_episodes,step
0.181805819272995,0.03244167938828468,0.13497862219810486,0.2121240496635437,0.9090291261672974,1000,5,20000
0.25795990228652954,0.011666867882013321,0.24133430421352386,0.26994967460632324,1.2897995710372925,1000,5,40000
